Doc No,일 자,차대,계정CD,계정명,적 요,거래처명,금액,입력자
202505001,2025/05/03,차변,52100,지급수수료,05월 지급수수료 정산,대성엔지니어링,3902000.0,박과장
202505001,2025/05/03,대변,11100,현금및현금성자산,05월 지급수수료 정산,대성엔지니어링,-3902000.0,박과장
202505002,2025/09/19,차변,21300,미지급금,09월 미지급금 정산,동보전자,1267000.0,박과장
202505002,2025/09/19,대변,40100,매출,09월 미지급금 정산,동보전자,-1267000.0,박과장
202505003,2025/01/25,차변,45100,매출원가,01월 매출원가 정산,제일기공,231000.0,이차장
202505003,2025/01/25,대변,21300,미지급금,01월 매출원가 정산,제일기공,-231000.0,이차장
202505004,2025/01/05,차변,21100,매입채무,01월 매입채무 정산,(주)한빛물산,79000.0,박과장
202505004,2025/01/05,차변,40100,매출,01월 매입채무 정산,(주)한빛물산,34000.0,박과장
202505004,2025/01/05,대변,21500,미지급비용,01월 매입채무 정산,(주)한빛물산,-113000.0,박과장
202505005,2025/12/03,차변,51500,여비교통비,12월 여비교통비 정산,대성엔지니어링,120000.0,이차장
202505005,2025/12/03,대변,21300,미지급금,12월 여비교통비 정산,대성엔지니어링,-120000.0,이차장
202505006,2025/10/14,차변,45100,매출원가,10월 매출원가 정산,동보전자,492000.0,김대리
202505006,2025/10/14,대변,21300,미지급금,10월 매출원가 정산,동보전자,-492000.0,김대리
202505007,2025/04/19,차변,45100,매출원가,04월 매출원가 정산,삼정유통,1959000.0,김대리
202505007,2025/04/19,대변,11100,현금및현금성자산,04월 매출원가 정산,삼정유통,-1959000.0,김대리
202505008,2025/03/14,차변,52300,소모품비,03월 소모품비 정산,삼정유통,710000.0,박과장
202505008,2025/03/14,차변,11300,매출채권,03월 소모품비 정산,삼정유통,305000.0,박과장
202505008,2025/03/14,대변,40100,매출,03월 소모품비 정산,삼정유통,-1015000.0,박과장
202505009,2025/06/03,차변,52100,지급수수료,06월 지급수수료 정산,삼정유통,124000.0,김대리
202505009,2025/06/03,대변,51300,복리후생비,06월 지급수수료 정산,삼정유통,-124000.0,김대리
202505010,2025/03/06,차변,45100,매출원가,03월 매출원가 정산,제일기공,100000.0,김대리
202505010,2025/03/06,대변,51100,급여,03월 매출원가 정산,제일기공,-100000.0,김대리
202505011,2025/10/09,차변,11300,매출채권,10월 매출채권 정산,명진산업,1791000.0,김대리
202505011,2025/10/09,대변,51500,여비교통비,10월 매출채권 정산,명진산업,-1791000.0,김대리
202505012,2025/07/25,차변,21300,미지급금,07월 미지급금 정산,삼정유통,4345000.0,박과장
202505012,2025/07/25,대변,11100,현금및현금성자산,07월 미지급금 정산,삼정유통,-4345000.0,박과장
202505013,2025/01/10,차변,52100,지급수수료,01월 지급수수료 정산,대성엔지니어링,141000.0,박과장
202505013,2025/01/10,대변,25100,예수금,01월 지급수수료 정산,대성엔지니어링,-141000.0,박과장
202505014,2025/03/06,차변,25100,예수금,03월 예수금 정산,명진산업,343000.0,김대리
202505014,2025/03/06,차변,51500,여비교통비,03월 예수금 정산,명진산업,147000.0,김대리
202505014,2025/03/06,대변,52100,지급수수료,03월 예수금 정산,명진산업,-490000.0,김대리
202505015,2025/01/26,차변,51500,여비교통비,01월 여비교통비 정산,제일기공,947000.0,최사원
202505015,2025/01/26,대변,21500,미지급비용,01월 여비교통비 정산,제일기공,-947000.0,최사원
202505016,2025/07/16,차변,11100,현금및현금성자산,07월 현금및현금성자산 정산,제일기공,5313000.0,최사원
202505016,2025/07/16,대변,21300,미지급금,07월 현금및현금성자산 정산,제일기공,-5313000.0,최사원
202505017,2025/06/07,차변,51500,여비교통비,06월 여비교통비 정산,명진산업,88000.0,최사원
202505017,2025/06/07,대변,52300,소모품비,06월 여비교통비 정산,명진산업,-88000.0,최사원
202505018,2025/08/10,차변,21300,미지급금,08월 미지급금 정산,우성테크,118000.0,박과장
202505018,2025/08/10,차변,52100,지급수수료,08월 미지급금 정산,우성테크,50000.0,박과장
202505018,2025/08/10,대변,21500,미지급비용,08월 미지급금 정산,우성테크,-168000.0,박과장
202505019,2025/03/10,차변,52100,지급수수료,03월 지급수수료 정산,(주)한빛물산,91000.0,김대리
202505019,2025/03/10,대변,21300,미지급금,03월 지급수수료 정산,(주)한빛물산,-91000.0,김대리
202505020,2025/12/03,차변,51500,여비교통비,12월 여비교통비 정산,대성엔지니어링,864000.0,최사원
202505020,2025/12/03,대변,51100,급여,12월 여비교통비 정산,대성엔지니어링,-864000.0,최사원
202505021,2025/08/24,차변,51500,여비교통비,08월 여비교통비 정산,대성엔지니어링,481000.0,박과장
202505021,2025/08/24,대변,21100,매입채무,08월 여비교통비 정산,대성엔지니어링,-481000.0,박과장
202505022,2025/04/07,차변,21100,매입채무,04월 매입채무 정산,-,1043000.0,박과장
202505022,2025/04/07,대변,51300,복리후생비,04월 매입채무 정산,-,-1043000.0,박과장
202505023,2025/11/24,차변,25100,예수금,11월 예수금 정산,-,614000.0,이차장
202505023,2025/11/24,대변,11300,매출채권,11월 예수금 정산,-,-614000.0,이차장
202505024,2025/11/23,차변,21300,미지급금,11월 미지급금 정산,삼정유통,524000.0,김대리
202505024,2025/11/23,대변,52100,지급수수료,11월 미지급금 정산,삼정유통,-524000.0,김대리
202505025,2025/05/13,차변,51300,복리후생비,05월 복리후생비 정산,우성테크,461000.0,이차장
202505025,2025/05/13,차변,40100,매출,05월 복리후생비 정산,우성테크,197000.0,이차장
202505025,2025/05/13,대변,11100,현금및현금성자산,05월 복리후생비 정산,우성테크,-658000.0,이차장
202505026,2025/08/05,차변,52300,소모품비,08월 소모품비 정산,동보전자,319000.0,이차장
202505026,2025/08/05,대변,21100,매입채무,08월 소모품비 정산,동보전자,-319000.0,이차장
202505027,2025/09/19,차변,11100,현금및현금성자산,09월 현금및현금성자산 정산,명진산업,587000.0,최사원
202505027,2025/09/19,대변,25100,예수금,09월 현금및현금성자산 정산,명진산업,-587000.0,최사원
202505028,2025/02/04,차변,11300,매출채권,02월 매출채권 정산,동보전자,1134000.0,김대리
202505028,2025/02/04,대변,51300,복리후생비,02월 매출채권 정산,동보전자,-1134000.0,김대리
202505029,2025/05/26,차변,51100,급여,05월 급여 정산,제일기공,804000.0,최사원
202505029,2025/05/26,대변,40100,매출,05월 급여 정산,제일기공,-804000.0,최사원
202505030,2025/09/05,차변,11100,현금및현금성자산,09월 현금및현금성자산 정산,-,3717000.0,박과장
202505030,2025/09/05,대변,51300,복리후생비,09월 현금및현금성자산 정산,-,-3717000.0,박과장
202505031,2025/01/13,차변,21100,매입채무,01월 매입채무 정산,제일기공,601000.0,박과장
202505031,2025/01/13,대변,52300,소모품비,01월 매입채무 정산,제일기공,-601000.0,박과장
202505032,2025/12/29,차변,11100,현금및현금성자산,12월 현금및현금성자산 정산,케이엘상사,6845000.0,최사원
202505032,2025/12/29,대변,40100,매출,12월 현금및현금성자산 정산,케이엘상사,-6845000.0,최사원
202505033,2025/01/02,차변,51300,복리후생비,01월 복리후생비 정산,-,666000.0,김대리
202505033,2025/01/02,대변,40100,매출,01월 복리후생비 정산,-,-666000.0,김대리
202505034,2025/06/14,차변,40100,매출,06월 매출 정산,우성테크,156000.0,최사원
202505034,2025/06/14,대변,11100,현금및현금성자산,06월 매출 정산,우성테크,-156000.0,최사원
202505035,2025/09/05,차변,45100,매출원가,09월 매출원가 정산,삼정유통,169000.0,박과장
202505035,2025/09/05,차변,52300,소모품비,09월 매출원가 정산,삼정유통,72000.0,박과장
202505035,2025/09/05,대변,52100,지급수수료,09월 매출원가 정산,삼정유통,-241000.0,박과장
202505036,2025/09/22,차변,45100,매출원가,09월 매출원가 정산,제일기공,21000.0,박과장
202505036,2025/09/22,대변,25100,예수금,09월 매출원가 정산,제일기공,-21000.0,박과장
202505037,2025/03/21,차변,51300,복리후생비,03월 복리후생비 정산,제일기공,243000.0,최사원
202505037,2025/03/21,대변,45100,매출원가,03월 복리후생비 정산,제일기공,-243000.0,최사원
202505038,2025/03/07,차변,51100,급여,03월 급여 정산,삼정유통,1899000.0,김대리
202505038,2025/03/07,대변,11300,매출채권,03월 급여 정산,삼정유통,-1899000.0,김대리
202505039,2025/11/13,차변,52300,소모품비,11월 소모품비 정산,동보전자,186000.0,박과장
202505039,2025/11/13,차변,21500,미지급비용,11월 소모품비 정산,동보전자,79000.0,박과장
202505039,2025/11/13,대변,51500,여비교통비,11월 소모품비 정산,동보전자,-265000.0,박과장
202505040,2025/04/23,차변,45100,매출원가,04월 매출원가 정산,제일기공,720000.0,박과장
202505040,2025/04/23,대변,13100,재고자산,04월 매출원가 정산,제일기공,-720000.0,박과장
202505041,2025/02/01,차변,21500,미지급비용,02월 미지급비용 정산,명진산업,216000.0,최사원
202505041,2025/02/01,대변,21300,미지급금,02월 미지급비용 정산,명진산업,-216000.0,최사원
202505042,2025/07/12,차변,52300,소모품비,07월 소모품비 정산,제일기공,52000.0,박과장
202505042,2025/07/12,대변,21500,미지급비용,07월 소모품비 정산,제일기공,-52000.0,박과장
202505043,2025/05/13,차변,11300,매출채권,05월 매출채권 정산,(주)한빛물산,491000.0,최사원
202505043,2025/05/13,대변,21300,미지급금,05월 매출채권 정산,(주)한빛물산,-491000.0,최사원
202505044,2025/11/29,차변,21100,매입채무,11월 매입채무 정산,(주)한빛물산,564000.0,김대리
202505044,2025/11/29,대변,45100,매출원가,11월 매입채무 정산,(주)한빛물산,-564000.0,김대리
202505045,2025/05/13,차변,25100,예수금,05월 예수금 정산,(주)한빛물산,973000.0,김대리
202505045,2025/05/13,대변,51500,여비교통비,05월 예수금 정산,(주)한빛물산,-973000.0,김대리
202505046,2025/10/12,차변,40100,매출,10월 매출 정산,(주)한빛물산,666000.0,최사원
202505046,2025/10/12,차변,21300,미지급금,10월 매출 정산,(주)한빛물산,286000.0,최사원
202505046,2025/10/12,대변,52100,지급수수료,10월 매출 정산,(주)한빛물산,-952000.0,최사원
202505047,2025/12/14,차변,51100,급여,12월 급여 정산,(주)한빛물산,1742000.0,박과장
202505047,2025/12/14,대변,13100,재고자산,12월 급여 정산,(주)한빛물산,-1742000.0,박과장
202505048,2025/01/18,차변,11100,현금및현금성자산,01월 현금및현금성자산 정산,(주)한빛물산,221000.0,이차장
202505048,2025/01/18,차변,40100,매출,01월 현금및현금성자산 정산,(주)한빛물산,95000.0,이차장
202505048,2025/01/18,대변,21100,매입채무,01월 현금및현금성자산 정산,(주)한빛물산,-316000.0,이차장
202505049,2025/01/15,차변,21100,매입채무,01월 매입채무 정산,케이엘상사,5805000.0,최사원
202505049,2025/01/15,대변,52300,소모품비,01월 매입채무 정산,케이엘상사,-5805000.0,최사원
202505050,2025/01/07,차변,52100,지급수수료,01월 지급수수료 정산,대성엔지니어링,3346000.0,김대리
202505050,2025/01/07,대변,21100,매입채무,01월 지급수수료 정산,대성엔지니어링,-3346000.0,김대리
202505051,2025/06/03,차변,13100,재고자산,06월 재고자산 정산,동보전자,336000.0,박과장
202505051,2025/06/03,대변,11300,매출채권,06월 재고자산 정산,동보전자,-336000.0,박과장
202505052,2025/08/08,차변,11100,현금및현금성자산,08월 현금및현금성자산 정산,삼정유통,22000.0,이차장
202505052,2025/08/08,대변,45100,매출원가,08월 현금및현금성자산 정산,삼정유통,-22000.0,이차장
202505053,2025/07/31,차변,51300,복리후생비,07월 복리후생비 정산,명진산업,9490000.0,최사원
202505053,2025/07/31,대변,21100,매입채무,07월 복리후생비 정산,명진산업,-9490000.0,최사원
202505054,2025/12/23,차변,52100,지급수수료,12월 지급수수료 정산,대성엔지니어링,318000.0,박과장
202505054,2025/12/23,대변,51500,여비교통비,12월 지급수수료 정산,대성엔지니어링,-318000.0,박과장
202505055,2025/04/19,차변,13100,재고자산,04월 재고자산 정산,케이엘상사,1172000.0,김대리
202505055,2025/04/19,대변,25100,예수금,04월 재고자산 정산,케이엘상사,-1172000.0,김대리
202505056,2025/12/31,차변,21100,매입채무,12월 매입채무 정산,동보전자,262000.0,박과장
202505056,2025/12/31,차변,52100,지급수수료,12월 매입채무 정산,동보전자,112000.0,박과장
202505056,2025/12/31,대변,45100,매출원가,12월 매입채무 정산,동보전자,-374000.0,박과장
202505057,2025/03/25,차변,40100,매출,03월 매출 정산,-,3372000.0,이차장
202505057,2025/03/25,대변,21100,매입채무,03월 매출 정산,-,-3372000.0,이차장
202505058,2025/07/23,차변,25100,예수금,07월 예수금 정산,제일기공,1263000.0,최사원
202505058,2025/07/23,대변,51100,급여,07월 예수금 정산,제일기공,-1263000.0,최사원
202505059,2025/03/29,차변,21100,매입채무,03월 매입채무 정산,우성테크,154000.0,이차장
202505059,2025/03/29,대변,51100,급여,03월 매입채무 정산,우성테크,-154000.0,이차장
202505060,2025/09/17,차변,52100,지급수수료,09월 지급수수료 정산,대성엔지니어링,121000.0,이차장
202505060,2025/09/17,대변,13100,재고자산,09월 지급수수료 정산,대성엔지니어링,-121000.0,이차장
202505061,2025/02/16,차변,11300,매출채권,02월 매출채권 정산,-,424000.0,최사원
202505061,2025/02/16,차변,21100,매입채무,02월 매출채권 정산,-,181000.0,최사원
202505061,2025/02/16,대변,21100,매입채무,02월 매출채권 정산,-,-605000.0,최사원
202505062,2025/05/20,차변,21500,미지급비용,05월 미지급비용 정산,-,477000.0,최사원
202505062,2025/05/20,대변,11100,현금및현금성자산,05월 미지급비용 정산,-,-477000.0,최사원
202505063,2025/12/28,차변,21300,미지급금,12월 미지급금 정산,명진산업,515000.0,김대리
202505063,2025/12/28,차변,51100,급여,12월 미지급금 정산,명진산업,221000.0,김대리
202505063,2025/12/28,대변,45100,매출원가,12월 미지급금 정산,명진산업,-736000.0,김대리
202505064,2025/09/29,차변,21500,미지급비용,09월 미지급비용 정산,대성엔지니어링,542000.0,이차장
202505064,2025/09/29,대변,52300,소모품비,09월 미지급비용 정산,대성엔지니어링,-542000.0,이차장
202505065,2025/01/17,차변,11300,매출채권,01월 매출채권 정산,삼정유통,1283000.0,이차장
202505065,2025/01/17,대변,13100,재고자산,01월 매출채권 정산,삼정유통,-1283000.0,이차장
202505066,2025/01/09,차변,25100,예수금,01월 예수금 정산,-,91000.0,최사원
202505066,2025/01/09,대변,40100,매출,01월 예수금 정산,-,-91000.0,최사원
202505067,2025/03/07,차변,13100,재고자산,03월 재고자산 정산,케이엘상사,7025000.0,최사원
202505067,2025/03/07,대변,11300,매출채권,03월 재고자산 정산,케이엘상사,-7025000.0,최사원
202505068,2025/03/12,차변,11300,매출채권,03월 매출채권 정산,제일기공,499000.0,최사원
202505068,2025/03/12,대변,11100,현금및현금성자산,03월 매출채권 정산,제일기공,-499000.0,최사원
202505069,2025/08/22,차변,21500,미지급비용,08월 미지급비용 정산,우성테크,4259000.0,김대리
202505069,2025/08/22,대변,51500,여비교통비,08월 미지급비용 정산,우성테크,-4259000.0,김대리
202505070,2025/05/01,차변,11100,현금및현금성자산,05월 현금및현금성자산 정산,명진산업,211000.0,이차장
202505070,2025/05/01,차변,21100,매입채무,05월 현금및현금성자산 정산,명진산업,90000.0,이차장
202505070,2025/05/01,대변,52100,지급수수료,05월 현금및현금성자산 정산,명진산업,-301000.0,이차장
202505071,2025/01/21,차변,51100,급여,01월 급여 정산,동보전자,349000.0,최사원
202505071,2025/01/21,대변,13100,재고자산,01월 급여 정산,동보전자,-349000.0,최사원
202505072,2025/12/11,차변,21500,미지급비용,12월 미지급비용 정산,대성엔지니어링,213000.0,박과장
202505072,2025/12/11,차변,11300,매출채권,12월 미지급비용 정산,대성엔지니어링,91000.0,박과장
202505072,2025/12/11,대변,11100,현금및현금성자산,12월 미지급비용 정산,대성엔지니어링,-304000.0,박과장
202505073,2025/07/16,차변,51500,여비교통비,07월 여비교통비 정산,우성테크,433000.0,김대리
202505073,2025/07/16,대변,11100,현금및현금성자산,07월 여비교통비 정산,우성테크,-433000.0,김대리
202505074,2025/02/01,차변,21500,미지급비용,02월 미지급비용 정산,-,510000.0,이차장
202505074,2025/02/01,대변,21100,매입채무,02월 미지급비용 정산,-,-510000.0,이차장
202505075,2025/09/11,차변,51100,급여,09월 급여 정산,명진산업,370000.0,김대리
202505075,2025/09/11,대변,51300,복리후생비,09월 급여 정산,명진산업,-370000.0,김대리
202505076,2025/08/09,차변,52100,지급수수료,08월 지급수수료 정산,케이엘상사,473000.0,박과장
202505076,2025/08/09,대변,21300,미지급금,08월 지급수수료 정산,케이엘상사,-473000.0,박과장
202505077,2025/09/28,차변,51300,복리후생비,09월 복리후생비 정산,삼정유통,257000.0,박과장
202505077,2025/09/28,대변,11300,매출채권,09월 복리후생비 정산,삼정유통,-257000.0,박과장
202505078,2025/10/03,차변,51500,여비교통비,10월 여비교통비 정산,동보전자,382000.0,최사원
202505078,2025/10/03,대변,45100,매출원가,10월 여비교통비 정산,동보전자,-382000.0,최사원
202505079,2025/12/04,차변,13100,재고자산,12월 재고자산 정산,명진산업,1164000.0,최사원
202505079,2025/12/04,대변,11100,현금및현금성자산,12월 재고자산 정산,명진산업,-1164000.0,최사원
202505080,2025/04/16,차변,51300,복리후생비,04월 복리후생비 정산,제일기공,1880000.0,김대리
202505080,2025/04/16,대변,21300,미지급금,04월 복리후생비 정산,제일기공,-1880000.0,김대리
202505081,2025/11/12,차변,11300,매출채권,11월 매출채권 정산,동보전자,262000.0,박과장
202505081,2025/11/12,대변,52300,소모품비,11월 매출채권 정산,동보전자,-262000.0,박과장
202505082,2025/01/03,차변,51300,복리후생비,01월 복리후생비 정산,(주)한빛물산,1779000.0,박과장
202505082,2025/01/03,차변,51500,여비교통비,01월 복리후생비 정산,(주)한빛물산,762000.0,박과장
202505082,2025/01/03,대변,25100,예수금,01월 복리후생비 정산,(주)한빛물산,-2541000.0,박과장
202505083,2025/10/09,차변,40100,매출,10월 매출 정산,(주)한빛물산,2482000.0,김대리
202505083,2025/10/09,차변,51100,급여,10월 매출 정산,(주)한빛물산,1063000.0,김대리
202505083,2025/10/09,대변,21100,매입채무,10월 매출 정산,(주)한빛물산,-3545000.0,김대리
202505084,2025/07/03,차변,13100,재고자산,07월 재고자산 정산,(주)한빛물산,1535000.0,박과장
202505084,2025/07/03,대변,51300,복리후생비,07월 재고자산 정산,(주)한빛물산,-1535000.0,박과장
202505085,2025/03/06,차변,11300,매출채권,03월 매출채권 정산,대성엔지니어링,530000.0,김대리
202505085,2025/03/06,대변,51500,여비교통비,03월 매출채권 정산,대성엔지니어링,-530000.0,김대리
202505086,2025/05/15,차변,51500,여비교통비,05월 여비교통비 정산,-,223000.0,김대리
202505086,2025/05/15,대변,52300,소모품비,05월 여비교통비 정산,-,-223000.0,김대리
202505087,2025/10/28,차변,51500,여비교통비,10월 여비교통비 정산,케이엘상사,163000.0,최사원
202505087,2025/10/28,대변,21500,미지급비용,10월 여비교통비 정산,케이엘상사,-163000.0,최사원
202505088,2025/11/25,차변,52100,지급수수료,11월 지급수수료 정산,삼정유통,839000.0,이차장
202505088,2025/11/25,대변,25100,예수금,11월 지급수수료 정산,삼정유통,-839000.0,이차장
202505089,2025/03/17,차변,51500,여비교통비,03월 여비교통비 정산,대성엔지니어링,183000.0,박과장
202505089,2025/03/17,대변,45100,매출원가,03월 여비교통비 정산,대성엔지니어링,-183000.0,박과장
202505090,2025/06/08,차변,21100,매입채무,06월 매입채무 정산,(주)한빛물산,1123000.0,박과장
202505090,2025/06/08,차변,45100,매출원가,06월 매입채무 정산,(주)한빛물산,481000.0,박과장
202505090,2025/06/08,대변,51500,여비교통비,06월 매입채무 정산,(주)한빛물산,-1604000.0,박과장
202505091,2025/11/12,차변,51100,급여,11월 급여 정산,(주)한빛물산,439000.0,이차장
202505091,2025/11/12,대변,21500,미지급비용,11월 급여 정산,(주)한빛물산,-439000.0,이차장
202505092,2025/01/31,차변,11100,현금및현금성자산,01월 현금및현금성자산 정산,동보전자,125000.0,이차장
202505092,2025/01/31,대변,21100,매입채무,01월 현금및현금성자산 정산,동보전자,-125000.0,이차장
202505093,2025/11/13,차변,52300,소모품비,11월 소모품비 정산,제일기공,92000.0,김대리
202505093,2025/11/13,대변,25100,예수금,11월 소모품비 정산,제일기공,-92000.0,김대리
202505094,2025/03/28,차변,40100,매출,03월 매출 정산,-,554000.0,최사원
202505094,2025/03/28,대변,11300,매출채권,03월 매출 정산,-,-554000.0,최사원
202505095,2025/10/24,차변,51100,급여,10월 급여 정산,명진산업,13346000.0,김대리
202505095,2025/10/24,대변,21300,미지급금,10월 급여 정산,명진산업,-13346000.0,김대리
202505096,2025/07/21,차변,11300,매출채권,07월 매출채권 정산,케이엘상사,558000.0,김대리
202505096,2025/07/21,대변,45100,매출원가,07월 매출채권 정산,케이엘상사,-558000.0,김대리
202505097,2025/06/28,차변,21300,미지급금,06월 미지급금 정산,동보전자,245000.0,박과장
202505097,2025/06/28,대변,40100,매출,06월 미지급금 정산,동보전자,-245000.0,박과장
202505098,2025/03/23,차변,11300,매출채권,03월 매출채권 정산,-,3514000.0,김대리
202505098,2025/03/23,대변,51300,복리후생비,03월 매출채권 정산,-,-3514000.0,김대리
202505099,2025/09/14,차변,52100,지급수수료,09월 지급수수료 정산,대성엔지니어링,1362000.0,최사원
202505099,2025/09/14,대변,51300,복리후생비,09월 지급수수료 정산,대성엔지니어링,-1362000.0,최사원
202505100,2025/03/19,차변,11100,현금및현금성자산,03월 현금및현금성자산 정산,(주)한빛물산,237000.0,김대리
202505100,2025/03/19,차변,40100,매출,03월 현금및현금성자산 정산,(주)한빛물산,102000.0,김대리
202505100,2025/03/19,대변,25100,예수금,03월 현금및현금성자산 정산,(주)한빛물산,-339000.0,김대리
202505101,2025/06/26,차변,51500,여비교통비,06월 여비교통비 정산,제일기공,466000.0,박과장
202505101,2025/06/26,대변,21300,미지급금,06월 여비교통비 정산,제일기공,-466000.0,박과장
202505102,2025/05/28,차변,11300,매출채권,05월 매출채권 정산,삼정유통,854000.0,박과장
202505102,2025/05/28,대변,52100,지급수수료,05월 매출채권 정산,삼정유통,-854000.0,박과장
202505103,2025/04/10,차변,52300,소모품비,04월 소모품비 정산,-,30000.0,이차장
202505103,2025/04/10,대변,51500,여비교통비,04월 소모품비 정산,-,-30000.0,이차장
202505104,2025/10/01,차변,21100,매입채무,10월 매입채무 정산,제일기공,558000.0,김대리
202505104,2025/10/01,대변,11100,현금및현금성자산,10월 매입채무 정산,제일기공,-558000.0,김대리
202505105,2025/08/07,차변,52100,지급수수료,08월 지급수수료 정산,-,147000.0,최사원
202505105,2025/08/07,대변,21100,매입채무,08월 지급수수료 정산,-,-147000.0,최사원
202505106,2025/02/03,차변,21100,매입채무,02월 매입채무 정산,(주)한빛물산,85000.0,이차장
202505106,2025/02/03,대변,40100,매출,02월 매입채무 정산,(주)한빛물산,-85000.0,이차장
202505107,2025/05/27,차변,13100,재고자산,05월 재고자산 정산,케이엘상사,2663000.0,최사원
202505107,2025/05/27,대변,21100,매입채무,05월 재고자산 정산,케이엘상사,-2663000.0,최사원
202505108,2025/02/03,차변,40100,매출,02월 매출 정산,우성테크,903000.0,이차장
202505108,2025/02/03,차변,52100,지급수수료,02월 매출 정산,우성테크,387000.0,이차장
202505108,2025/02/03,대변,52300,소모품비,02월 매출 정산,우성테크,-1290000.0,이차장
202505109,2025/03/07,차변,51100,급여,03월 급여 정산,-,638000.0,김대리
202505109,2025/03/07,대변,11300,매출채권,03월 급여 정산,-,-638000.0,김대리
202505110,2025/01/17,차변,21100,매입채무,01월 매입채무 정산,대성엔지니어링,732000.0,김대리
202505110,2025/01/17,대변,11300,매출채권,01월 매입채무 정산,대성엔지니어링,-732000.0,김대리
202505111,2025/12/12,차변,52100,지급수수료,12월 지급수수료 정산,제일기공,318000.0,김대리
202505111,2025/12/12,대변,51500,여비교통비,12월 지급수수료 정산,제일기공,-318000.0,김대리
202505112,2025/09/05,차변,13100,재고자산,09월 재고자산 정산,삼정유통,461000.0,박과장
202505112,2025/09/05,대변,40100,매출,09월 재고자산 정산,삼정유통,-461000.0,박과장
202505113,2025/06/05,차변,11100,현금및현금성자산,06월 현금및현금성자산 정산,(주)한빛물산,1986000.0,김대리
202505113,2025/06/05,대변,21500,미지급비용,06월 현금및현금성자산 정산,(주)한빛물산,-1986000.0,김대리
202505114,2025/04/25,차변,13100,재고자산,04월 재고자산 정산,(주)한빛물산,309000.0,박과장
202505114,2025/04/25,대변,21300,미지급금,04월 재고자산 정산,(주)한빛물산,-309000.0,박과장
202505115,2025/01/26,차변,40100,매출,01월 매출 정산,케이엘상사,191000.0,최사원
202505115,2025/01/26,대변,21100,매입채무,01월 매출 정산,케이엘상사,-191000.0,최사원
202505116,2025/07/03,차변,21100,매입채무,07월 매입채무 정산,우성테크,200000.0,이차장
202505116,2025/07/03,대변,51100,급여,07월 매입채무 정산,우성테크,-200000.0,이차장
202505117,2025/06/18,차변,11300,매출채권,06월 매출채권 정산,명진산업,976000.0,김대리
202505117,2025/06/18,대변,52100,지급수수료,06월 매출채권 정산,명진산업,-976000.0,김대리
202505118,2025/01/29,차변,52300,소모품비,01월 소모품비 정산,-,253000.0,최사원
202505118,2025/01/29,차변,40100,매출,01월 소모품비 정산,-,109000.0,최사원
202505118,2025/01/29,대변,51500,여비교통비,01월 소모품비 정산,-,-362000.0,최사원
202505119,2025/12/11,차변,11100,현금및현금성자산,12월 현금및현금성자산 정산,동보전자,817000.0,이차장
202505119,2025/12/11,대변,21500,미지급비용,12월 현금및현금성자산 정산,동보전자,-817000.0,이차장
202505120,2025/12/17,차변,51500,여비교통비,12월 여비교통비 정산,동보전자,214000.0,이차장
202505120,2025/12/17,대변,52300,소모품비,12월 여비교통비 정산,동보전자,-214000.0,이차장
202505121,2025/04/10,차변,13100,재고자산,04월 재고자산 정산,-,1811000.0,이차장
202505121,2025/04/10,대변,51300,복리후생비,04월 재고자산 정산,-,-1811000.0,이차장
202505122,2025/05/03,차변,51100,급여,05월 급여 정산,우성테크,7324000.0,김대리
202505122,2025/05/03,대변,45100,매출원가,05월 급여 정산,우성테크,-7324000.0,김대리
202505123,2025/08/30,차변,25100,예수금,08월 예수금 정산,(주)한빛물산,593000.0,김대리
202505123,2025/08/30,대변,21100,매입채무,08월 예수금 정산,(주)한빛물산,-593000.0,김대리
202505124,2025/10/17,차변,21500,미지급비용,10월 미지급비용 정산,(주)한빛물산,1549000.0,이차장
202505124,2025/10/17,대변,52100,지급수수료,10월 미지급비용 정산,(주)한빛물산,-1549000.0,이차장
202505125,2025/01/05,차변,45100,매출원가,01월 매출원가 정산,제일기공,443000.0,박과장
202505125,2025/01/05,대변,51100,급여,01월 매출원가 정산,제일기공,-443000.0,박과장
202505126,2025/01/24,차변,21300,미지급금,01월 미지급금 정산,케이엘상사,66000.0,이차장
202505126,2025/01/24,대변,51500,여비교통비,01월 미지급금 정산,케이엘상사,-66000.0,이차장
202505127,2025/01/04,차변,45100,매출원가,01월 매출원가 정산,제일기공,375000.0,박과장
202505127,2025/01/04,대변,52100,지급수수료,01월 매출원가 정산,제일기공,-375000.0,박과장
202505128,2025/10/29,차변,51100,급여,10월 급여 정산,케이엘상사,2062000.0,박과장
202505128,2025/10/29,대변,52100,지급수수료,10월 급여 정산,케이엘상사,-2062000.0,박과장
202505129,2025/11/07,차변,52300,소모품비,11월 소모품비 정산,삼정유통,1002000.0,최사원
202505129,2025/11/07,대변,52100,지급수수료,11월 소모품비 정산,삼정유통,-1002000.0,최사원
202505130,2025/01/30,차변,51500,여비교통비,01월 여비교통비 정산,대성엔지니어링,703000.0,최사원
202505130,2025/01/30,대변,52100,지급수수료,01월 여비교통비 정산,대성엔지니어링,-703000.0,최사원
202505131,2025/12/01,차변,52100,지급수수료,12월 지급수수료 정산,제일기공,121000.0,이차장
202505131,2025/12/01,대변,51100,급여,12월 지급수수료 정산,제일기공,-121000.0,이차장
202505132,2025/08/28,차변,13100,재고자산,08월 재고자산 정산,-,193000.0,박과장
202505132,2025/08/28,차변,21500,미지급비용,08월 재고자산 정산,-,83000.0,박과장
202505132,2025/08/28,대변,11300,매출채권,08월 재고자산 정산,-,-276000.0,박과장
202505133,2025/06/23,차변,52100,지급수수료,06월 지급수수료 정산,-,405000.0,최사원
202505133,2025/06/23,차변,21100,매입채무,06월 지급수수료 정산,-,174000.0,최사원
202505133,2025/06/23,대변,51100,급여,06월 지급수수료 정산,-,-579000.0,최사원
202505134,2025/10/31,차변,52300,소모품비,10월 소모품비 정산,(주)한빛물산,663000.0,김대리
202505134,2025/10/31,대변,21500,미지급비용,10월 소모품비 정산,(주)한빛물산,-663000.0,김대리
202505135,2025/09/26,차변,51100,급여,09월 급여 정산,-,499000.0,박과장
202505135,2025/09/26,대변,40100,매출,09월 급여 정산,-,-499000.0,박과장
202505136,2025/05/22,차변,51300,복리후생비,05월 복리후생비 정산,삼정유통,5301000.0,김대리
202505136,2025/05/22,대변,40100,매출,05월 복리후생비 정산,삼정유통,-5301000.0,김대리
202505137,2025/08/10,차변,13100,재고자산,08월 재고자산 정산,(주)한빛물산,202000.0,박과장
202505137,2025/08/10,대변,51500,여비교통비,08월 재고자산 정산,(주)한빛물산,-202000.0,박과장
202505138,2025/01/08,차변,11100,현금및현금성자산,01월 현금및현금성자산 정산,(주)한빛물산,1089000.0,최사원
202505138,2025/01/08,대변,13100,재고자산,01월 현금및현금성자산 정산,(주)한빛물산,-1089000.0,최사원
202505139,2025/11/05,차변,21500,미지급비용,11월 미지급비용 정산,케이엘상사,534000.0,김대리
202505139,2025/11/05,대변,21300,미지급금,11월 미지급비용 정산,케이엘상사,-534000.0,김대리
202505140,2025/01/20,차변,51300,복리후생비,01월 복리후생비 정산,-,1638000.0,김대리
202505140,2025/01/20,대변,13100,재고자산,01월 복리후생비 정산,-,-1638000.0,김대리
202505141,2025/11/16,차변,13100,재고자산,11월 재고자산 정산,명진산업,523000.0,이차장
202505141,2025/11/16,차변,11100,현금및현금성자산,11월 재고자산 정산,명진산업,224000.0,이차장
202505141,2025/11/16,대변,11300,매출채권,11월 재고자산 정산,명진산업,-747000.0,이차장
202505142,2025/11/07,차변,25100,예수금,11월 예수금 정산,-,107000.0,김대리
202505142,2025/11/07,대변,51100,급여,11월 예수금 정산,-,-107000.0,김대리
202505143,2025/11/09,차변,52300,소모품비,11월 소모품비 정산,명진산업,415000.0,김대리
202505143,2025/11/09,대변,11100,현금및현금성자산,11월 소모품비 정산,명진산업,-415000.0,김대리
202505144,2025/06/05,차변,25100,예수금,06월 예수금 정산,명진산업,273000.0,박과장
202505144,2025/06/05,대변,51100,급여,06월 예수금 정산,명진산업,-273000.0,박과장
202505145,2025/06/01,차변,21300,미지급금,06월 미지급금 정산,제일기공,153000.0,김대리
202505145,2025/06/01,차변,40100,매출,06월 미지급금 정산,제일기공,66000.0,김대리
202505145,2025/06/01,대변,51100,급여,06월 미지급금 정산,제일기공,-219000.0,김대리
202505146,2025/05/23,차변,52300,소모품비,05월 소모품비 정산,동보전자,220000.0,최사원
202505146,2025/05/23,차변,51300,복리후생비,05월 소모품비 정산,동보전자,94000.0,최사원
202505146,2025/05/23,대변,25100,예수금,05월 소모품비 정산,동보전자,-314000.0,최사원
202505147,2025/12/04,차변,11300,매출채권,12월 매출채권 정산,삼정유통,3960000.0,이차장
202505147,2025/12/04,대변,25100,예수금,12월 매출채권 정산,삼정유통,-3960000.0,이차장
202505148,2025/01/21,차변,11100,현금및현금성자산,01월 현금및현금성자산 정산,제일기공,2468000.0,최사원
202505148,2025/01/21,대변,52100,지급수수료,01월 현금및현금성자산 정산,제일기공,-2468000.0,최사원
202505149,2025/10/03,차변,21100,매입채무,10월 매입채무 정산,(주)한빛물산,610000.0,최사원
202505149,2025/10/03,차변,51300,복리후생비,10월 매입채무 정산,(주)한빛물산,261000.0,최사원
202505149,2025/10/03,대변,11300,매출채권,10월 매입채무 정산,(주)한빛물산,-871000.0,최사원
202505150,2025/07/15,차변,11100,현금및현금성자산,07월 현금및현금성자산 정산,제일기공,55000.0,김대리
202505150,2025/07/15,차변,11300,매출채권,07월 현금및현금성자산 정산,제일기공,23000.0,김대리
202505150,2025/07/15,대변,52300,소모품비,07월 현금및현금성자산 정산,제일기공,-78000.0,김대리
202505151,2025/09/08,차변,11300,매출채권,09월 매출채권 정산,케이엘상사,298000.0,최사원
202505151,2025/09/08,대변,51500,여비교통비,09월 매출채권 정산,케이엘상사,-298000.0,최사원
202505152,2025/06/20,차변,11100,현금및현금성자산,06월 현금및현금성자산 정산,-,3957000.0,이차장
202505152,2025/06/20,대변,45100,매출원가,06월 현금및현금성자산 정산,-,-3957000.0,이차장
202505153,2025/11/07,차변,11100,현금및현금성자산,11월 현금및현금성자산 정산,케이엘상사,1300000.0,박과장
202505153,2025/11/07,대변,21500,미지급비용,11월 현금및현금성자산 정산,케이엘상사,-1300000.0,박과장
202505154,2025/02/08,차변,51100,급여,02월 급여 정산,케이엘상사,1278000.0,박과장
202505154,2025/02/08,대변,21300,미지급금,02월 급여 정산,케이엘상사,-1278000.0,박과장
202505155,2025/06/28,차변,11300,매출채권,06월 매출채권 정산,(주)한빛물산,131000.0,이차장
202505155,2025/06/28,대변,21500,미지급비용,06월 매출채권 정산,(주)한빛물산,-131000.0,이차장
202505156,2025/11/08,차변,11300,매출채권,11월 매출채권 정산,(주)한빛물산,30000.0,박과장
202505156,2025/11/08,차변,52100,지급수수료,11월 매출채권 정산,(주)한빛물산,13000.0,박과장
202505156,2025/11/08,대변,52300,소모품비,11월 매출채권 정산,(주)한빛물산,-43000.0,박과장
202505157,2025/08/08,차변,13100,재고자산,08월 재고자산 정산,제일기공,1024000.0,김대리
202505157,2025/08/08,대변,40100,매출,08월 재고자산 정산,제일기공,-1024000.0,김대리
202505158,2025/12/27,차변,21300,미지급금,12월 미지급금 정산,우성테크,42000.0,박과장
202505158,2025/12/27,대변,21100,매입채무,12월 미지급금 정산,우성테크,-42000.0,박과장
202505159,2025/08/31,차변,52300,소모품비,08월 소모품비 정산,대성엔지니어링,61000.0,이차장
202505159,2025/08/31,대변,21100,매입채무,08월 소모품비 정산,대성엔지니어링,-61000.0,이차장
202505160,2025/04/16,차변,45100,매출원가,04월 매출원가 정산,명진산업,530000.0,최사원
202505160,2025/04/16,대변,21300,미지급금,04월 매출원가 정산,명진산업,-530000.0,최사원
202505161,2025/04/12,차변,21100,매입채무,04월 매입채무 정산,대성엔지니어링,237000.0,최사원
202505161,2025/04/12,대변,11100,현금및현금성자산,04월 매입채무 정산,대성엔지니어링,-237000.0,최사원
202505162,2025/12/06,차변,45100,매출원가,12월 매출원가 정산,(주)한빛물산,834000.0,김대리
202505162,2025/12/06,대변,11300,매출채권,12월 매출원가 정산,(주)한빛물산,-834000.0,김대리
202505163,2025/04/30,차변,21300,미지급금,04월 미지급금 정산,(주)한빛물산,904000.0,박과장
202505163,2025/04/30,대변,25100,예수금,04월 미지급금 정산,(주)한빛물산,-904000.0,박과장
202505164,2025/08/04,차변,21100,매입채무,08월 매입채무 정산,동보전자,191000.0,박과장
202505164,2025/08/04,차변,51500,여비교통비,08월 매입채무 정산,동보전자,82000.0,박과장
202505164,2025/08/04,대변,51100,급여,08월 매입채무 정산,동보전자,-273000.0,박과장
202505165,2025/08/19,차변,51300,복리후생비,08월 복리후생비 정산,(주)한빛물산,649000.0,박과장
202505165,2025/08/19,대변,21500,미지급비용,08월 복리후생비 정산,(주)한빛물산,-649000.0,박과장
202505166,2025/03/31,차변,51500,여비교통비,03월 여비교통비 정산,제일기공,322000.0,최사원
202505166,2025/03/31,대변,52300,소모품비,03월 여비교통비 정산,제일기공,-322000.0,최사원
202505167,2025/06/24,차변,51300,복리후생비,06월 복리후생비 정산,대성엔지니어링,1803000.0,최사원
202505167,2025/06/24,대변,13100,재고자산,06월 복리후생비 정산,대성엔지니어링,-1803000.0,최사원
202505168,2025/06/20,차변,52100,지급수수료,06월 지급수수료 정산,대성엔지니어링,47000.0,김대리
202505168,2025/06/20,대변,13100,재고자산,06월 지급수수료 정산,대성엔지니어링,-47000.0,김대리
202505169,2025/06/26,차변,40100,매출,06월 매출 정산,제일기공,139000.0,김대리
202505169,2025/06/26,대변,25100,예수금,06월 매출 정산,제일기공,-139000.0,김대리
202505170,2025/05/23,차변,21300,미지급금,05월 미지급금 정산,우성테크,4344000.0,박과장
202505170,2025/05/23,대변,51100,급여,05월 미지급금 정산,우성테크,-4344000.0,박과장
202505171,2025/02/11,차변,51300,복리후생비,02월 복리후생비 정산,우성테크,1356000.0,박과장
202505171,2025/02/11,대변,51100,급여,02월 복리후생비 정산,우성테크,-1356000.0,박과장
202505172,2025/01/15,차변,52300,소모품비,01월 소모품비 정산,케이엘상사,1140000.0,이차장
202505172,2025/01/15,대변,52100,지급수수료,01월 소모품비 정산,케이엘상사,-1140000.0,이차장
202505173,2025/05/07,차변,21100,매입채무,05월 매입채무 정산,우성테크,35000.0,박과장
202505173,2025/05/07,차변,45100,매출원가,05월 매입채무 정산,우성테크,15000.0,박과장
202505173,2025/05/07,대변,25100,예수금,05월 매입채무 정산,우성테크,-50000.0,박과장
202505174,2025/11/19,차변,52100,지급수수료,11월 지급수수료 정산,우성테크,31000.0,김대리
202505174,2025/11/19,차변,52100,지급수수료,11월 지급수수료 정산,우성테크,14000.0,김대리
202505174,2025/11/19,대변,52300,소모품비,11월 지급수수료 정산,우성테크,-45000.0,김대리
202505175,2025/03/16,차변,52300,소모품비,03월 소모품비 정산,케이엘상사,748000.0,김대리
202505175,2025/03/16,대변,51300,복리후생비,03월 소모품비 정산,케이엘상사,-748000.0,김대리
202505176,2025/07/30,차변,51100,급여,07월 급여 정산,(주)한빛물산,166000.0,최사원
202505176,2025/07/30,대변,51500,여비교통비,07월 급여 정산,(주)한빛물산,-166000.0,최사원
202505177,2025/06/24,차변,52100,지급수수료,06월 지급수수료 정산,명진산업,1052000.0,박과장
202505177,2025/06/24,대변,21300,미지급금,06월 지급수수료 정산,명진산업,-1052000.0,박과장
202505178,2025/06/30,차변,51500,여비교통비,06월 여비교통비 정산,동보전자,648000.0,최사원
202505178,2025/06/30,차변,52100,지급수수료,06월 여비교통비 정산,동보전자,278000.0,최사원
202505178,2025/06/30,대변,21500,미지급비용,06월 여비교통비 정산,동보전자,-926000.0,최사원
202505179,2025/05/24,차변,52300,소모품비,05월 소모품비 정산,제일기공,754000.0,최사원
202505179,2025/05/24,차변,52300,소모품비,05월 소모품비 정산,제일기공,323000.0,최사원
202505179,2025/05/24,대변,21100,매입채무,05월 소모품비 정산,제일기공,-1077000.0,최사원
202505180,2025/09/22,차변,25100,예수금,09월 예수금 정산,동보전자,443000.0,김대리
202505180,2025/09/22,대변,51100,급여,09월 예수금 정산,동보전자,-443000.0,김대리
202505181,2025/02/19,차변,51100,급여,02월 급여 정산,(주)한빛물산,304000.0,이차장
202505181,2025/02/19,대변,21500,미지급비용,02월 급여 정산,(주)한빛물산,-304000.0,이차장
202505182,2025/11/27,차변,11300,매출채권,11월 매출채권 정산,삼정유통,364000.0,김대리
202505182,2025/11/27,대변,21300,미지급금,11월 매출채권 정산,삼정유통,-364000.0,김대리
202505183,2025/11/02,차변,21100,매입채무,11월 매입채무 정산,삼정유통,376000.0,박과장
202505183,2025/11/02,대변,51500,여비교통비,11월 매입채무 정산,삼정유통,-376000.0,박과장
202505184,2025/09/21,차변,40100,매출,09월 매출 정산,(주)한빛물산,141000.0,이차장
202505184,2025/09/21,대변,21500,미지급비용,09월 매출 정산,(주)한빛물산,-141000.0,이차장
202505185,2025/08/16,차변,52300,소모품비,08월 소모품비 정산,제일기공,1683000.0,최사원
202505185,2025/08/16,대변,52100,지급수수료,08월 소모품비 정산,제일기공,-1683000.0,최사원
202505186,2025/01/04,차변,40100,매출,01월 매출 정산,우성테크,967000.0,박과장
202505186,2025/01/04,대변,52300,소모품비,01월 매출 정산,우성테크,-967000.0,박과장
202505187,2025/01/01,차변,21500,미지급비용,01월 미지급비용 정산,대성엔지니어링,32000.0,김대리
202505187,2025/01/01,대변,25100,예수금,01월 미지급비용 정산,대성엔지니어링,-32000.0,김대리
202505188,2025/09/08,차변,25100,예수금,09월 예수금 정산,-,93000.0,김대리
202505188,2025/09/08,대변,40100,매출,09월 예수금 정산,-,-93000.0,김대리
202505189,2025/08/09,차변,21300,미지급금,08월 미지급금 정산,제일기공,675000.0,최사원
202505189,2025/08/09,대변,51300,복리후생비,08월 미지급금 정산,제일기공,-675000.0,최사원
202505190,2025/02/08,차변,21300,미지급금,02월 미지급금 정산,케이엘상사,330000.0,김대리
202505190,2025/02/08,대변,52300,소모품비,02월 미지급금 정산,케이엘상사,-330000.0,김대리
202505191,2025/06/16,차변,52300,소모품비,06월 소모품비 정산,(주)한빛물산,2411000.0,박과장
202505191,2025/06/16,대변,25100,예수금,06월 소모품비 정산,(주)한빛물산,-2411000.0,박과장
202505192,2025/04/06,차변,21500,미지급비용,04월 미지급비용 정산,제일기공,1026000.0,박과장
202505192,2025/04/06,대변,21100,매입채무,04월 미지급비용 정산,제일기공,-1026000.0,박과장
202505193,2025/08/20,차변,21300,미지급금,08월 미지급금 정산,제일기공,946000.0,박과장
202505193,2025/08/20,대변,52100,지급수수료,08월 미지급금 정산,제일기공,-946000.0,박과장
202505194,2025/09/29,차변,45100,매출원가,09월 매출원가 정산,케이엘상사,3226000.0,이차장
202505194,2025/09/29,대변,25100,예수금,09월 매출원가 정산,케이엘상사,-3226000.0,이차장
202505195,2025/11/03,차변,45100,매출원가,11월 매출원가 정산,명진산업,1086000.0,이차장
202505195,2025/11/03,대변,21100,매입채무,11월 매출원가 정산,명진산업,-1086000.0,이차장
202505196,2025/05/11,차변,51500,여비교통비,05월 여비교통비 정산,제일기공,32000.0,이차장
202505196,2025/05/11,대변,40100,매출,05월 여비교통비 정산,제일기공,-32000.0,이차장
202505197,2025/01/01,차변,21300,미지급금,01월 미지급금 정산,(주)한빛물산,809000.0,김대리
202505197,2025/01/01,대변,21100,매입채무,01월 미지급금 정산,(주)한빛물산,-809000.0,김대리
202505198,2025/10/18,차변,45100,매출원가,10월 매출원가 정산,우성테크,447000.0,박과장
202505198,2025/10/18,대변,11100,현금및현금성자산,10월 매출원가 정산,우성테크,-447000.0,박과장
202505199,2025/01/25,차변,52100,지급수수료,01월 지급수수료 정산,삼정유통,110000.0,최사원
202505199,2025/01/25,차변,40100,매출,01월 지급수수료 정산,삼정유통,47000.0,최사원
202505199,2025/01/25,대변,51100,급여,01월 지급수수료 정산,삼정유통,-157000.0,최사원
202505200,2025/09/27,차변,13100,재고자산,09월 재고자산 정산,대성엔지니어링,7162000.0,박과장
202505200,2025/09/27,대변,51500,여비교통비,09월 재고자산 정산,대성엔지니어링,-7162000.0,박과장
202505201,2025/01/24,차변,11100,현금및현금성자산,01월 현금및현금성자산 정산,케이엘상사,205000.0,최사원
202505201,2025/01/24,대변,40100,매출,01월 현금및현금성자산 정산,케이엘상사,-205000.0,최사원
202505202,2025/12/06,차변,21300,미지급금,12월 미지급금 정산,-,1966000.0,이차장
202505202,2025/12/06,대변,52300,소모품비,12월 미지급금 정산,-,-1966000.0,이차장
202505203,2025/03/11,차변,51500,여비교통비,03월 여비교통비 정산,명진산업,318000.0,김대리
202505203,2025/03/11,대변,51100,급여,03월 여비교통비 정산,명진산업,-318000.0,김대리
202505204,2025/12/07,차변,13100,재고자산,12월 재고자산 정산,대성엔지니어링,1482000.0,김대리
202505204,2025/12/07,대변,51300,복리후생비,12월 재고자산 정산,대성엔지니어링,-1482000.0,김대리
202505205,2025/10/04,차변,52300,소모품비,10월 소모품비 정산,삼정유통,291000.0,박과장
202505205,2025/10/04,대변,21100,매입채무,10월 소모품비 정산,삼정유통,-291000.0,박과장
202505206,2025/04/04,차변,21500,미지급비용,04월 미지급비용 정산,(주)한빛물산,990000.0,김대리
202505206,2025/04/04,대변,11100,현금및현금성자산,04월 미지급비용 정산,(주)한빛물산,-990000.0,김대리
202505207,2025/06/04,차변,21300,미지급금,06월 미지급금 정산,명진산업,1838000.0,이차장
202505207,2025/06/04,대변,21500,미지급비용,06월 미지급금 정산,명진산업,-1838000.0,이차장
202505208,2025/02/28,차변,21300,미지급금,02월 미지급금 정산,대성엔지니어링,19788000.0,최사원
202505208,2025/02/28,대변,51500,여비교통비,02월 미지급금 정산,대성엔지니어링,-19788000.0,최사원
202505209,2025/02/13,차변,51100,급여,02월 급여 정산,우성테크,1337000.0,최사원
202505209,2025/02/13,대변,51300,복리후생비,02월 급여 정산,우성테크,-1337000.0,최사원
202505210,2025/03/20,차변,40100,매출,03월 매출 정산,우성테크,352000.0,이차장
202505210,2025/03/20,대변,51300,복리후생비,03월 매출 정산,우성테크,-352000.0,이차장
202505211,2025/01/10,차변,51100,급여,01월 급여 정산,-,4664000.0,이차장
202505211,2025/01/10,대변,13100,재고자산,01월 급여 정산,-,-4664000.0,이차장
202505212,2025/01/21,차변,25100,예수금,01월 예수금 정산,-,2215000.0,이차장
202505212,2025/01/21,대변,21100,매입채무,01월 예수금 정산,-,-2215000.0,이차장
202505213,2025/05/22,차변,11300,매출채권,05월 매출채권 정산,우성테크,6339000.0,이차장
202505213,2025/05/22,차변,25100,예수금,05월 매출채권 정산,우성테크,2717000.0,이차장
202505213,2025/05/22,대변,21500,미지급비용,05월 매출채권 정산,우성테크,-9056000.0,이차장
202505214,2025/06/01,차변,45100,매출원가,06월 매출원가 정산,케이엘상사,8306000.0,박과장
202505214,2025/06/01,대변,25100,예수금,06월 매출원가 정산,케이엘상사,-8306000.0,박과장
202505215,2025/08/08,차변,21300,미지급금,08월 미지급금 정산,제일기공,651000.0,이차장
202505215,2025/08/08,차변,51300,복리후생비,08월 미지급금 정산,제일기공,279000.0,이차장
202505215,2025/08/08,대변,52300,소모품비,08월 미지급금 정산,제일기공,-930000.0,이차장
202505216,2025/02/07,차변,21500,미지급비용,02월 미지급비용 정산,(주)한빛물산,261000.0,최사원
202505216,2025/02/07,대변,52300,소모품비,02월 미지급비용 정산,(주)한빛물산,-261000.0,최사원
202505217,2025/06/02,차변,21500,미지급비용,06월 미지급비용 정산,대성엔지니어링,982000.0,김대리
202505217,2025/06/02,대변,11100,현금및현금성자산,06월 미지급비용 정산,대성엔지니어링,-982000.0,김대리
202505218,2025/01/08,차변,21100,매입채무,01월 매입채무 정산,명진산업,46000.0,김대리
202505218,2025/01/08,대변,51300,복리후생비,01월 매입채무 정산,명진산업,-46000.0,김대리
202505219,2025/11/26,차변,45100,매출원가,11월 매출원가 정산,제일기공,166000.0,이차장
202505219,2025/11/26,대변,25100,예수금,11월 매출원가 정산,제일기공,-166000.0,이차장
202505220,2025/03/15,차변,51300,복리후생비,03월 복리후생비 정산,-,1273000.0,박과장
202505220,2025/03/15,대변,45100,매출원가,03월 복리후생비 정산,-,-1273000.0,박과장
202505221,2025/07/29,차변,52100,지급수수료,07월 지급수수료 정산,동보전자,1717000.0,이차장
202505221,2025/07/29,대변,52300,소모품비,07월 지급수수료 정산,동보전자,-1717000.0,이차장
202505222,2025/09/13,차변,13100,재고자산,09월 재고자산 정산,-,60000.0,최사원
202505222,2025/09/13,대변,21500,미지급비용,09월 재고자산 정산,-,-60000.0,최사원
202505223,2025/06/13,차변,21500,미지급비용,06월 미지급비용 정산,우성테크,1352000.0,박과장
202505223,2025/06/13,대변,52100,지급수수료,06월 미지급비용 정산,우성테크,-1352000.0,박과장
202505224,2025/01/20,차변,40100,매출,01월 매출 정산,삼정유통,61000.0,김대리
202505224,2025/01/20,대변,21300,미지급금,01월 매출 정산,삼정유통,-61000.0,김대리
202505225,2025/12/19,차변,51500,여비교통비,12월 여비교통비 정산,케이엘상사,1117000.0,이차장
202505225,2025/12/19,대변,51100,급여,12월 여비교통비 정산,케이엘상사,-1117000.0,이차장
202505226,2025/10/27,차변,51300,복리후생비,10월 복리후생비 정산,(주)한빛물산,137000.0,이차장
202505226,2025/10/27,대변,25100,예수금,10월 복리후생비 정산,(주)한빛물산,-137000.0,이차장
202505227,2025/02/14,차변,40100,매출,02월 매출 정산,명진산업,1031000.0,박과장
202505227,2025/02/14,대변,45100,매출원가,02월 매출 정산,명진산업,-1031000.0,박과장
202505228,2025/11/21,차변,25100,예수금,11월 예수금 정산,제일기공,1657000.0,이차장
202505228,2025/11/21,대변,13100,재고자산,11월 예수금 정산,제일기공,-1657000.0,이차장
202505229,2025/11/23,차변,52100,지급수수료,11월 지급수수료 정산,(주)한빛물산,141000.0,최사원
202505229,2025/11/23,대변,52300,소모품비,11월 지급수수료 정산,(주)한빛물산,-141000.0,최사원
202505230,2025/10/11,차변,52300,소모품비,10월 소모품비 정산,삼정유통,1118000.0,박과장
202505230,2025/10/11,대변,51500,여비교통비,10월 소모품비 정산,삼정유통,-1118000.0,박과장
202505231,2025/04/27,차변,40100,매출,04월 매출 정산,제일기공,126000.0,박과장
202505231,2025/04/27,대변,21100,매입채무,04월 매출 정산,제일기공,-126000.0,박과장
202505232,2025/01/05,차변,21500,미지급비용,01월 미지급비용 정산,-,265000.0,박과장
202505232,2025/01/05,대변,51500,여비교통비,01월 미지급비용 정산,-,-265000.0,박과장
202505233,2025/08/09,차변,21500,미지급비용,08월 미지급비용 정산,동보전자,1001000.0,이차장
202505233,2025/08/09,대변,51100,급여,08월 미지급비용 정산,동보전자,-1001000.0,이차장
202505234,2025/12/11,차변,52100,지급수수료,12월 지급수수료 정산,명진산업,115000.0,이차장
202505234,2025/12/11,대변,21300,미지급금,12월 지급수수료 정산,명진산업,-115000.0,이차장
202505235,2025/04/02,차변,51300,복리후생비,04월 복리후생비 정산,명진산업,2078000.0,이차장
202505235,2025/04/02,대변,52300,소모품비,04월 복리후생비 정산,명진산업,-2078000.0,이차장
202505236,2025/12/08,차변,52300,소모품비,12월 소모품비 정산,대성엔지니어링,641000.0,이차장
202505236,2025/12/08,대변,21500,미지급비용,12월 소모품비 정산,대성엔지니어링,-641000.0,이차장
202505237,2025/12/08,차변,21500,미지급비용,12월 미지급비용 정산,명진산업,211000.0,김대리
202505237,2025/12/08,대변,52300,소모품비,12월 미지급비용 정산,명진산업,-211000.0,김대리
202505238,2025/02/20,차변,40100,매출,02월 매출 정산,대성엔지니어링,45000.0,김대리
202505238,2025/02/20,대변,25100,예수금,02월 매출 정산,대성엔지니어링,-45000.0,김대리
202505239,2025/05/24,차변,51500,여비교통비,05월 여비교통비 정산,우성테크,12210000.0,박과장
202505239,2025/05/24,대변,21500,미지급비용,05월 여비교통비 정산,우성테크,-12210000.0,박과장
202505240,2025/03/17,차변,25100,예수금,03월 예수금 정산,우성테크,1598000.0,최사원
202505240,2025/03/17,대변,52100,지급수수료,03월 예수금 정산,우성테크,-1598000.0,최사원
202505241,2025/11/08,차변,51300,복리후생비,11월 복리후생비 정산,삼정유통,403000.0,최사원
202505241,2025/11/08,대변,11100,현금및현금성자산,11월 복리후생비 정산,삼정유통,-403000.0,최사원
202505242,2025/01/28,차변,13100,재고자산,01월 재고자산 정산,동보전자,8000.0,김대리
202505242,2025/01/28,차변,51300,복리후생비,01월 재고자산 정산,동보전자,4000.0,김대리
202505242,2025/01/28,대변,45100,매출원가,01월 재고자산 정산,동보전자,-12000.0,김대리
202505243,2025/06/26,차변,11300,매출채권,06월 매출채권 정산,우성테크,6723000.0,이차장
202505243,2025/06/26,대변,52300,소모품비,06월 매출채권 정산,우성테크,-6723000.0,이차장
202505244,2025/02/02,차변,11100,현금및현금성자산,02월 현금및현금성자산 정산,케이엘상사,323000.0,최사원
202505244,2025/02/02,대변,13100,재고자산,02월 현금및현금성자산 정산,케이엘상사,-323000.0,최사원
202505245,2025/10/22,차변,21100,매입채무,10월 매입채무 정산,케이엘상사,242000.0,김대리
202505245,2025/10/22,대변,21300,미지급금,10월 매입채무 정산,케이엘상사,-242000.0,김대리
202505246,2025/01/13,차변,51500,여비교통비,01월 여비교통비 정산,명진산업,18000.0,김대리
202505246,2025/01/13,대변,51300,복리후생비,01월 여비교통비 정산,명진산업,-18000.0,김대리
202505247,2025/04/12,차변,51100,급여,04월 급여 정산,명진산업,247000.0,김대리
202505247,2025/04/12,대변,21100,매입채무,04월 급여 정산,명진산업,-247000.0,김대리
202505248,2025/04/24,차변,13100,재고자산,04월 재고자산 정산,(주)한빛물산,213000.0,이차장
202505248,2025/04/24,대변,21100,매입채무,04월 재고자산 정산,(주)한빛물산,-213000.0,이차장
202505249,2025/01/24,차변,21300,미지급금,01월 미지급금 정산,대성엔지니어링,553000.0,최사원
202505249,2025/01/24,대변,11100,현금및현금성자산,01월 미지급금 정산,대성엔지니어링,-553000.0,최사원
202505250,2025/02/11,차변,25100,예수금,02월 예수금 정산,우성테크,558000.0,김대리
202505250,2025/02/11,대변,21100,매입채무,02월 예수금 정산,우성테크,-558000.0,김대리
202505251,2025/07/12,차변,11300,매출채권,07월 매출채권 정산,케이엘상사,450000.0,최사원
202505251,2025/07/12,대변,25100,예수금,07월 매출채권 정산,케이엘상사,-450000.0,최사원
202505252,2025/09/20,차변,25100,예수금,09월 예수금 정산,삼정유통,45000.0,이차장
202505252,2025/09/20,대변,21300,미지급금,09월 예수금 정산,삼정유통,-45000.0,이차장
202505253,2025/08/06,차변,51500,여비교통비,08월 여비교통비 정산,(주)한빛물산,176000.0,이차장
202505253,2025/08/06,차변,13100,재고자산,08월 여비교통비 정산,(주)한빛물산,75000.0,이차장
202505253,2025/08/06,대변,21300,미지급금,08월 여비교통비 정산,(주)한빛물산,-251000.0,이차장
202505254,2025/01/02,차변,51100,급여,01월 급여 정산,명진산업,76000.0,최사원
202505254,2025/01/02,차변,52100,지급수수료,01월 급여 정산,명진산업,32000.0,최사원
202505254,2025/01/02,대변,51500,여비교통비,01월 급여 정산,명진산업,-108000.0,최사원
202505255,2025/04/05,차변,21300,미지급금,04월 미지급금 정산,우성테크,878000.0,이차장
202505255,2025/04/05,대변,25100,예수금,04월 미지급금 정산,우성테크,-878000.0,이차장
202505256,2025/07/08,차변,51500,여비교통비,07월 여비교통비 정산,-,1239000.0,이차장
202505256,2025/07/08,대변,52100,지급수수료,07월 여비교통비 정산,-,-1239000.0,이차장
202505257,2025/05/03,차변,45100,매출원가,05월 매출원가 정산,동보전자,11343000.0,김대리
202505257,2025/05/03,대변,11100,현금및현금성자산,05월 매출원가 정산,동보전자,-11343000.0,김대리
202505258,2025/05/25,차변,21300,미지급금,05월 미지급금 정산,우성테크,187000.0,김대리
202505258,2025/05/25,대변,52300,소모품비,05월 미지급금 정산,우성테크,-187000.0,김대리
202505259,2025/12/23,차변,51500,여비교통비,12월 여비교통비 정산,동보전자,2583000.0,이차장
202505259,2025/12/23,대변,21300,미지급금,12월 여비교통비 정산,동보전자,-2583000.0,이차장
202505260,2025/07/19,차변,52100,지급수수료,07월 지급수수료 정산,대성엔지니어링,445000.0,이차장
202505260,2025/07/19,대변,25100,예수금,07월 지급수수료 정산,대성엔지니어링,-445000.0,이차장
202505261,2025/09/18,차변,51100,급여,09월 급여 정산,(주)한빛물산,292000.0,김대리
202505261,2025/09/18,대변,21500,미지급비용,09월 급여 정산,(주)한빛물산,-292000.0,김대리
202505262,2025/01/16,차변,25100,예수금,01월 예수금 정산,동보전자,189000.0,최사원
202505262,2025/01/16,대변,52100,지급수수료,01월 예수금 정산,동보전자,-189000.0,최사원
202505263,2025/04/27,차변,52100,지급수수료,04월 지급수수료 정산,대성엔지니어링,244000.0,이차장
202505263,2025/04/27,대변,51300,복리후생비,04월 지급수수료 정산,대성엔지니어링,-244000.0,이차장
202505264,2025/06/08,차변,51300,복리후생비,06월 복리후생비 정산,삼정유통,2761000.0,박과장
202505264,2025/06/08,대변,52100,지급수수료,06월 복리후생비 정산,삼정유통,-2761000.0,박과장
202505265,2025/03/27,차변,21500,미지급비용,03월 미지급비용 정산,-,2505000.0,최사원
202505265,2025/03/27,대변,51100,급여,03월 미지급비용 정산,-,-2505000.0,최사원
202505266,2025/03/26,차변,52100,지급수수료,03월 지급수수료 정산,(주)한빛물산,2424000.0,박과장
202505266,2025/03/26,대변,21300,미지급금,03월 지급수수료 정산,(주)한빛물산,-2424000.0,박과장
202505267,2025/07/21,차변,52100,지급수수료,07월 지급수수료 정산,명진산업,1454000.0,김대리
202505267,2025/07/21,대변,45100,매출원가,07월 지급수수료 정산,명진산업,-1454000.0,김대리
202505268,2025/04/05,차변,13100,재고자산,04월 재고자산 정산,(주)한빛물산,1067000.0,이차장
202505268,2025/04/05,대변,52300,소모품비,04월 재고자산 정산,(주)한빛물산,-1067000.0,이차장
202505269,2025/10/24,차변,51500,여비교통비,10월 여비교통비 정산,삼정유통,309000.0,박과장
202505269,2025/10/24,대변,21300,미지급금,10월 여비교통비 정산,삼정유통,-309000.0,박과장
202505270,2025/01/30,차변,52100,지급수수료,01월 지급수수료 정산,-,122000.0,박과장
202505270,2025/01/30,대변,21500,미지급비용,01월 지급수수료 정산,-,-122000.0,박과장
202505271,2025/07/19,차변,51100,급여,07월 급여 정산,삼정유통,508000.0,박과장
202505271,2025/07/19,대변,21500,미지급비용,07월 급여 정산,삼정유통,-508000.0,박과장
202505272,2025/09/15,차변,40100,매출,09월 매출 정산,대성엔지니어링,676000.0,김대리
202505272,2025/09/15,대변,45100,매출원가,09월 매출 정산,대성엔지니어링,-676000.0,김대리
202505273,2025/04/15,차변,11300,매출채권,04월 매출채권 정산,케이엘상사,831000.0,이차장
202505273,2025/04/15,대변,40100,매출,04월 매출채권 정산,케이엘상사,-831000.0,이차장
202505274,2025/10/09,차변,13100,재고자산,10월 재고자산 정산,삼정유통,231000.0,박과장
202505274,2025/10/09,대변,52100,지급수수료,10월 재고자산 정산,삼정유통,-231000.0,박과장
202505275,2025/10/02,차변,51500,여비교통비,10월 여비교통비 정산,케이엘상사,2958000.0,김대리
202505275,2025/10/02,대변,21100,매입채무,10월 여비교통비 정산,케이엘상사,-2958000.0,김대리
202505276,2025/09/12,차변,21500,미지급비용,09월 미지급비용 정산,제일기공,882000.0,이차장
202505276,2025/09/12,대변,21300,미지급금,09월 미지급비용 정산,제일기공,-882000.0,이차장
202505277,2025/03/23,차변,51100,급여,03월 급여 정산,삼정유통,114000.0,박과장
202505277,2025/03/23,차변,52100,지급수수료,03월 급여 정산,삼정유통,49000.0,박과장
202505277,2025/03/23,대변,52300,소모품비,03월 급여 정산,삼정유통,-163000.0,박과장
202505278,2025/08/18,차변,40100,매출,08월 매출 정산,(주)한빛물산,5395000.0,박과장
202505278,2025/08/18,대변,11300,매출채권,08월 매출 정산,(주)한빛물산,-5395000.0,박과장
202505279,2025/06/07,차변,52300,소모품비,06월 소모품비 정산,우성테크,1742000.0,박과장
202505279,2025/06/07,차변,21100,매입채무,06월 소모품비 정산,우성테크,746000.0,박과장
202505279,2025/06/07,대변,25100,예수금,06월 소모품비 정산,우성테크,-2488000.0,박과장
202505280,2025/07/11,차변,51100,급여,07월 급여 정산,동보전자,3993000.0,최사원
202505280,2025/07/11,차변,51300,복리후생비,07월 급여 정산,동보전자,1712000.0,최사원
202505280,2025/07/11,대변,11100,현금및현금성자산,07월 급여 정산,동보전자,-5705000.0,최사원
202505281,2025/02/12,차변,21100,매입채무,02월 매입채무 정산,명진산업,719000.0,최사원
202505281,2025/02/12,대변,13100,재고자산,02월 매입채무 정산,명진산업,-719000.0,최사원
202505282,2025/10/10,차변,21500,미지급비용,10월 미지급비용 정산,명진산업,207000.0,이차장
202505282,2025/10/10,대변,51300,복리후생비,10월 미지급비용 정산,명진산업,-207000.0,이차장
202505283,2025/02/01,차변,52100,지급수수료,02월 지급수수료 정산,명진산업,311000.0,최사원
202505283,2025/02/01,대변,45100,매출원가,02월 지급수수료 정산,명진산업,-311000.0,최사원
202505284,2025/02/25,차변,13100,재고자산,02월 재고자산 정산,동보전자,3989000.0,박과장
202505284,2025/02/25,대변,51100,급여,02월 재고자산 정산,동보전자,-3989000.0,박과장
202505285,2025/08/22,차변,11100,현금및현금성자산,08월 현금및현금성자산 정산,명진산업,236000.0,박과장
202505285,2025/08/22,대변,21300,미지급금,08월 현금및현금성자산 정산,명진산업,-236000.0,박과장
202505286,2025/09/23,차변,11100,현금및현금성자산,09월 현금및현금성자산 정산,(주)한빛물산,52000.0,최사원
202505286,2025/09/23,대변,51100,급여,09월 현금및현금성자산 정산,(주)한빛물산,-52000.0,최사원
202505287,2025/05/17,차변,21300,미지급금,05월 미지급금 정산,동보전자,2386000.0,이차장
202505287,2025/05/17,대변,21100,매입채무,05월 미지급금 정산,동보전자,-2386000.0,이차장
202505288,2025/05/31,차변,51300,복리후생비,05월 복리후생비 정산,-,146000.0,김대리
202505288,2025/05/31,대변,40100,매출,05월 복리후생비 정산,-,-146000.0,김대리
202505289,2025/08/11,차변,25100,예수금,08월 예수금 정산,제일기공,718000.0,최사원
202505289,2025/08/11,차변,51300,복리후생비,08월 예수금 정산,제일기공,308000.0,최사원
202505289,2025/08/11,대변,21100,매입채무,08월 예수금 정산,제일기공,-1026000.0,최사원
202505290,2025/06/05,차변,21500,미지급비용,06월 미지급비용 정산,제일기공,438000.0,김대리
202505290,2025/06/05,차변,21300,미지급금,06월 미지급비용 정산,제일기공,187000.0,김대리
202505290,2025/06/05,대변,21300,미지급금,06월 미지급비용 정산,제일기공,-625000.0,김대리
202505291,2025/07/04,차변,21300,미지급금,07월 미지급금 정산,케이엘상사,604000.0,김대리
202505291,2025/07/04,대변,45100,매출원가,07월 미지급금 정산,케이엘상사,-604000.0,김대리
202505292,2025/10/20,차변,21500,미지급비용,10월 미지급비용 정산,제일기공,367000.0,최사원
202505292,2025/10/20,대변,45100,매출원가,10월 미지급비용 정산,제일기공,-367000.0,최사원
202505293,2025/07/05,차변,52300,소모품비,07월 소모품비 정산,삼정유통,28000.0,박과장
202505293,2025/07/05,대변,25100,예수금,07월 소모품비 정산,삼정유통,-28000.0,박과장
202505294,2025/09/25,차변,25100,예수금,09월 예수금 정산,케이엘상사,448000.0,박과장
202505294,2025/09/25,대변,45100,매출원가,09월 예수금 정산,케이엘상사,-448000.0,박과장
202505295,2025/06/21,차변,21500,미지급비용,06월 미지급비용 정산,동보전자,548000.0,최사원
202505295,2025/06/21,대변,51100,급여,06월 미지급비용 정산,동보전자,-548000.0,최사원
202505296,2025/02/05,차변,52300,소모품비,02월 소모품비 정산,명진산업,52000.0,김대리
202505296,2025/02/05,대변,11100,현금및현금성자산,02월 소모품비 정산,명진산업,-52000.0,김대리
202505297,2025/04/22,차변,21500,미지급비용,04월 미지급비용 정산,삼정유통,924000.0,최사원
202505297,2025/04/22,대변,21300,미지급금,04월 미지급비용 정산,삼정유통,-924000.0,최사원
202505298,2025/03/25,차변,51100,급여,03월 급여 정산,케이엘상사,1121000.0,이차장
202505298,2025/03/25,대변,13100,재고자산,03월 급여 정산,케이엘상사,-1121000.0,이차장
202505299,2025/08/04,차변,21500,미지급비용,08월 미지급비용 정산,제일기공,839000.0,최사원
202505299,2025/08/04,대변,11300,매출채권,08월 미지급비용 정산,제일기공,-839000.0,최사원
202505300,2025/09/03,차변,45100,매출원가,09월 매출원가 정산,우성테크,107000.0,최사원
202505300,2025/09/03,대변,40100,매출,09월 매출원가 정산,우성테크,-107000.0,최사원
